{
  "price_sum": 1736872085,
  "price_min": 100318,
  "price_max": 999997,
  "price_avg": 549643.0648734177,
  "price_stdev": 258025.97830927098
}