{"Orange": {"average_price": 53.81647465437788, "max_price": 99.64, "min_price": 5.37}, "Strawberry": {"average_price": 52.5751282051282, "max_price": 99.95, "min_price": 5.46}, "Apricot": {"average_price": 49.971051282051285, "max_price": 99.87, "min_price": 5.03}, "Plum": {"average_price": 51.13315521628499, "max_price": 99.99, "min_price": 5.03}, "Peach": {"average_price": 52.53126984126984, "max_price": 99.64, "min_price": 5.18}, "Blackberry": {"average_price": 50.239666666666665, "max_price": 99.68, "min_price": 5.29}, "Cherry": {"average_price": 50.44497252747253, "max_price": 99.82, "min_price": 5.03}, "Mango": {"average_price": 54.52098958333333, "max_price": 99.98, "min_price": 5.15}, "Guava": {"average_price": 52.62073979591837, "max_price": 99.76, "min_price": 5.26}, "Papaya": {"average_price": 51.66262254901961, "max_price": 99.76, "min_price": 5.17}, "Boysenberry": {"average_price": 53.48350140056022, "max_price": 99.62, "min_price": 5.01}, "Kiwifruit": {"average_price": 55.23015544041451, "max_price": 100.0, "min_price": 5.1}, "Pineapple": {"average_price": 53.17797260273973, "max_price": 99.77, "min_price": 5.22}, "Cranberry": {"average_price": 52.509715025906736, "max_price": 99.98, "min_price": 5.48}, "Banana": {"average_price": 51.1716, "max_price": 99.62, "min_price": 5.76}, "Raspberry": {"average_price": 48.327421875, "max_price": 99.3, "min_price": 5.14}, "Apple": {"average_price": 54.111129476584026, "max_price": 99.65, "min_price": 5.23}, "Grapes": {"average_price": 53.050588235294114, "max_price": 99.56, "min_price": 5.22}, "Melon": {"average_price": 51.09399456521739, "max_price": 99.87, "min_price": 5.25}, "Blueberry": {"average_price": 53.73776412776413, "max_price": 99.77, "min_price": 5.72}}