{
  "distance_sum": 2507916466.13,
  "distance_min": 5922.68,
  "distance_max": 9977105.46,
  "distance_avg": 5015832.93226,
  "distance_stdev": 2850687.4347356437
}