{
  "Price": {
    "Max": 29999,
    "Min": 2000,
    "Mean": 15987.763646666666,
    "Sum": 2398164547,
    "StdDev": 8068.681483938771
  },
  "QuantityInStock": {
    "Max": 49,
    "Min": 10,
    "Mean": 29.40574,
    "Sum": 4410861,
    "StdDev": 11.551360292705679
  },
  "WeightInGrams": {
    "Max": 9999,
    "Min": 1000,
    "Mean": 5505.004886666667,
    "Sum": 825750733,
    "StdDev": 2593.6531444432476
  },
  "LengthInCentimeters": {
    "Max": 499,
    "Min": 50,
    "Mean": 274.8541466666667,
    "Sum": 41228122,
    "StdDev": 130.02263559105236
  },
  "WidthInCentimeters": {
    "Max": 14999,
    "Min": 4000,
    "Mean": 9504.791713333334,
    "Sum": 1425718757,
    "StdDev": 3172.3817231530184
  },
  "UnitsSold": {
    "Max": 499,
    "Min": 5,
    "Mean": 251.65821333333332,
    "Sum": 37748732,
    "StdDev": 142.5132032548628
  }
}
