{
  "views_sum": 49402475,
  "views_min": 172,
  "views_max": 99990,
  "views_avg": 49451.92692692693,
  "views_stdev": 29069.438506786908
}