{
  "sum": 13917261,
  "min": 3899,
  "max": 159990,
  "avg": 38659.058333333334,
  "stdev": 28472.777444486743
}