{
  "sum": 294325,
  "avr": 556.3799621928166,
  "sumMD": 11994,
  "avrMD": 521.4782608695652,
  "sumSD": 11528,
  "avrSD": 501.2173913043478,
  "max": 998,
  "min": 101
}
