{
  "price_sum": 499941323,
  "price_min": 10090,
  "price_max": 499453,
  "price_avg": 253519.9406693712,
  "price_stdev": 142217.20449273032
}